City,Lat,Lng,Max Temp,Humidity,Cloudiness,Wind Speed,Country,Date
Hede,33.7681,120.2517,63.27,23,0,15.97,CN,1618640133
Tacna,-18.0056,-70.2483,62.6,72,0,8.05,PE,1618640103
Hilo,19.7297,-155.09,73.4,68,90,6.91,US,1618639577
Gerāsh,27.6652,54.1371,75.2,19,0,4.61,IR,1618639871
Kāsaragod,12.5,75.0,89.6,55,20,4.61,IN,1618640134
Qaanaaq,77.484,-69.3632,-9.76,94,97,3.36,GL,1618640135
Conceição do Araguaia,-8.2578,-49.2647,77.0,94,0,1.14,BR,1618640135
Srednekolymsk,67.45,153.6833,28.42,73,19,11.59,RU,1618640135
Mataura,-46.1927,168.8643,53.01,67,72,5.99,NZ,1618640136
Ushuaia,-54.8,-68.3,44.6,70,40,2.3,AR,1618639852
Rikitea,-23.1203,-134.9692,77.77,67,100,10.16,PF,1618639851
Khatanga,71.9667,102.5,12.67,87,100,10.6,RU,1618640136
Nouakchott,18.0858,-15.9785,69.8,46,0,14.97,MR,1618640047
Tuktoyaktuk,69.4541,-133.0374,17.6,93,75,2.3,CA,1618639933
Sibolga,1.7427,98.7792,78.8,83,100,4.34,ID,1618640137
Balikpapan,-1.2675,116.8289,79.75,85,99,2.28,ID,1618640001
Torbay,47.6666,-52.7314,33.01,93,90,13.8,CA,1618640138
Castro,-24.7911,-50.0119,58.35,95,100,1.14,BR,1618640138
Leer,8.3018,30.1418,91.81,30,78,5.64,SS,1618640139
Yar-Sale,66.8333,70.8333,3.88,87,31,8.95,RU,1618640139
Meru,0.0463,37.6559,70.12,63,5,7.27,KE,1618640139
Clyde River,70.4692,-68.5914,5.0,78,20,8.05,CA,1618639984
Punta Arenas,-53.15,-70.9167,46.4,71,0,12.66,CL,1618640140
Tabou,4.423,-7.3528,78.49,85,60,5.44,CI,1618640140
Orán,-23.1322,-64.326,69.01,97,61,1.01,AR,1618640141
Mar del Plata,-38.0023,-57.5575,61.0,100,10,2.46,AR,1618640042
Petropavlovsk-Kamchatskiy,53.0452,158.6483,42.8,31,53,17.9,RU,1618640141
Upernavik,72.7868,-56.1549,-12.26,97,71,7.2,GL,1618640009
Bredasdorp,-34.5322,20.0403,48.2,93,1,3.44,ZA,1618640142
Kapaa,22.0752,-159.319,69.8,83,90,5.75,US,1618639875
Cape Town,-33.9258,18.4232,53.6,87,0,3.44,ZA,1618639878
Duluth,46.7833,-92.1066,41.0,70,1,3.44,US,1618639917
Vaini,-21.2,-175.2,73.4,78,20,4.61,TO,1618639877
Iralaya,15.0,-83.2333,80.55,74,53,12.44,HN,1618640143
Albany,42.6001,-73.9662,39.0,79,98,6.44,US,1618640106
Ahipara,-35.1667,173.1667,59.97,69,11,11.95,NZ,1618640143
Pevek,69.7008,170.3133,17.17,92,87,6.55,RU,1618640144
Kloulklubed,7.0419,134.2556,82.4,83,90,20.71,PW,1618640144
Cherskiy,68.75,161.3,22.62,80,71,6.71,RU,1618640144
Provideniya,64.3833,-173.3,28.49,97,79,5.79,RU,1618640145
Coquimbo,-29.9533,-71.3436,59.0,88,90,3.44,CL,1618639890
Jamestown,42.097,-79.2353,37.0,94,100,7.0,US,1618640145
Lebu,-37.6167,-73.65,52.47,82,35,5.7,CL,1618639911
Busselton,-33.65,115.3333,75.0,46,33,3.0,AU,1618640146
Atuona,-9.8,-139.0333,80.83,75,100,17.31,PF,1618640114
Port Alfred,-33.5906,26.891,62.17,61,3,17.92,ZA,1618639879
Kisoro,-1.2854,29.685,64.4,77,75,6.91,UG,1618640146
Bullhead City,35.1478,-114.5683,73.99,18,1,19.57,US,1618640147
Hobart,-42.8794,147.3294,63.0,51,75,17.27,AU,1618639984
Dnestrovsc,46.6222,29.9133,50.0,71,0,4.47,MD,1618640147
Klaksvík,62.2266,-6.589,46.4,100,90,13.8,FO,1618640147
Manyana,-23.4,21.7167,65.07,54,50,8.05,BW,1618640148
Dikson,73.5069,80.5464,-0.6,79,99,6.02,RU,1618640148
Lompoc,34.6391,-120.4579,51.8,82,28,8.05,US,1618639870
Aykhal,66.0,111.5,14.34,90,100,28.74,RU,1618640149
Saint-Philippe,-21.3585,55.7679,82.4,78,75,2.3,RE,1618639886
Lavrentiya,65.5833,-171.0,27.95,93,100,5.26,RU,1618640149
Los Llanos de Aridane,28.6585,-17.9182,68.0,73,75,16.11,ES,1618640030
Biak,-0.9131,122.8766,80.87,76,94,5.95,ID,1618640150
Hermanus,-34.4187,19.2345,66.42,46,0,5.21,ZA,1618640150
Urgut,39.4022,67.2431,71.6,26,71,6.91,UZ,1618640150
Proletariy,58.4342,31.7046,46.94,65,56,10.8,RU,1618640151
Saldanha,-33.0117,17.9442,59.0,58,0,4.45,ZA,1618640151
Mawlaik,23.6333,94.4167,101.82,17,55,4.74,MM,1618640002
Lamaní,14.2,-87.6167,71.6,83,40,2.3,HN,1618640152
Lypnyazhka,48.4469,31.0761,41.72,78,88,13.71,UA,1618640152
Fukuechō,32.6881,128.8419,62.6,45,40,17.27,JP,1618640153
Ubinskoye,55.3068,79.6802,30.13,64,62,6.96,RU,1618640153
East London,-33.0153,27.9116,59.0,67,0,8.05,ZA,1618639858
Qiongshan,20.0058,110.3542,82.4,83,75,11.18,CN,1618640154
Kasamwa,-2.85,32.4333,68.23,87,93,5.73,TZ,1618640123
‘Ewa Beach,21.3156,-158.0072,73.4,68,74,4.61,US,1618640154
Otavi,-19.65,17.3333,61.99,41,6,8.93,NA,1618640154
Christchurch,-43.5333,172.6333,52.0,66,46,4.61,NZ,1618640155
Pangnirtung,66.1451,-65.7125,-9.33,84,17,6.98,CA,1618640155
Bluff,-46.6,168.3333,53.01,67,98,5.99,NZ,1618640155
Elverum,60.8819,11.5623,34.0,87,55,3.24,NO,1618640156
Izhma,65.0083,53.9113,36.27,88,100,12.44,RU,1618640156
Coahuayana Viejo,18.7333,-103.6833,68.36,70,0,3.42,MX,1618640156
Port Elizabeth,-33.918,25.5701,57.2,77,0,11.5,ZA,1618640157
Ribeira Grande,38.5167,-28.7,62.6,100,75,9.22,PT,1618639950
Huntsville,34.7304,-86.5861,57.0,76,90,2.62,US,1618639753
Puerto Ayora,-0.7393,-90.3518,75.99,98,83,3.0,EC,1618640158
Evensk,61.95,159.2333,22.64,84,100,4.7,RU,1618639935
Anadyr,64.75,177.4833,35.6,69,0,35.79,RU,1618640158
Ilulissat,69.2167,-51.1,3.2,78,90,14.97,GL,1618639942
Angoche,-16.2325,39.9086,77.88,78,71,17.0,MZ,1618639961
Iqaluit,63.7506,-68.5145,12.2,73,90,3.44,CA,1618640159
Maniitsoq,65.4167,-52.9,4.21,82,100,10.27,GL,1618639966
Darovskoy,58.77,47.9564,44.94,59,0,4.56,RU,1618640159
Mishan,45.55,131.8833,54.01,32,67,9.48,CN,1618640160
Nadadores,27.05,-101.6,72.34,74,76,23.33,MX,1618640160
Mandalgovi,45.7625,106.2708,57.4,12,0,23.35,MN,1618640160
Conde,-7.2597,-34.9075,73.4,100,20,3.44,BR,1618640161
Namwala,-15.7504,26.4384,63.28,59,41,8.72,ZM,1618640161
Katsuura,35.1333,140.3,64.0,76,100,19.8,JP,1618640162
Baiyin,36.5583,104.2081,57.2,12,0,4.47,CN,1618640162
Hong Kong,22.2855,114.1577,75.0,90,100,8.03,HK,1618639888
Lydenburg,-25.0978,30.4597,46.0,94,100,3.24,ZA,1618640163
Arraial do Cabo,-22.9661,-42.0278,74.08,78,15,16.44,BR,1618639969
Zhangaözen,43.3,52.8,66.42,24,3,5.44,KZ,1618640163
Menomonie,44.8755,-91.9193,37.99,51,1,3.44,US,1618640164
Miyako,39.6367,141.9525,53.06,94,100,16.64,JP,1618639946
Saskylakh,71.9167,114.0833,4.44,91,100,14.38,RU,1618640164
Saint Paul Harbor,57.79,-152.4072,42.8,75,90,9.22,US,1618640164
Avarua,-21.2078,-159.775,77.0,83,20,5.75,CK,1618640165
Tasiilaq,65.6145,-37.6368,24.8,100,90,29.93,GL,1618640165
Antequera,37.0194,-4.5612,54.0,94,75,6.91,ES,1618640166
Ndélé,8.4109,20.6473,82.08,14,54,4.54,CF,1618640166
Monte Patria,-30.6919,-70.9467,63.5,73,87,1.21,CL,1618640166
Dudinka,69.4058,86.1778,-7.51,92,100,3.87,RU,1618640167
Elbistan,38.2059,37.1983,58.71,46,44,0.49,TR,1618640167
Kruisfontein,-34.0033,24.7314,55.99,78,2,1.01,ZA,1618640167
Diamantino,-14.4086,-56.4461,72.14,87,43,3.11,BR,1618640168
George Town,5.4112,100.3354,89.01,70,40,8.05,MY,1618640168
Severo-Kuril'sk,50.6789,156.125,37.6,63,80,5.88,RU,1618640169
Nacala,-14.5428,40.6728,77.0,78,75,12.66,MZ,1618640169
Louis Trichardt,-23.0439,29.9032,55.4,65,4,13.09,ZA,1618640169
Hasaki,35.7333,140.8333,64.0,82,75,13.8,JP,1618640170
Boa Vista,2.8197,-60.6733,77.0,94,75,1.14,BR,1618640170
Carnarvon,-24.8667,113.6333,84.76,39,2,8.1,AU,1618640170
Shumskiy,54.8318,99.1328,34.61,80,99,9.6,RU,1618640171
Kovdor,67.5662,30.4758,37.76,86,87,7.29,RU,1618640171
Ostrovnoy,68.0531,39.5131,38.48,80,100,24.34,RU,1618640171
Bengkulu,-3.8004,102.2655,82.78,73,91,5.19,ID,1618640172
Lüderitz,-26.6481,15.1594,78.96,34,89,13.13,NA,1618640172
Rock Sound,24.9,-76.2,75.49,71,0,10.45,BS,1618640172
Fortuna,40.5982,-124.1573,48.0,93,90,1.48,US,1618640173
Coyhaique,-45.5752,-72.0662,44.92,95,100,4.7,CL,1618640173
Zhoucheng,35.9122,116.3117,64.18,14,0,12.8,CN,1618640174
Yulara,-25.2406,130.9889,73.4,23,0,14.97,AU,1618639885
Scarborough,54.2797,-0.4044,39.99,74,15,1.01,GB,1618640174
Mahébourg,-20.4081,57.7,86.0,70,75,10.36,MU,1618640174
Mahajanga,-15.7167,46.3167,82.4,78,20,4.61,MG,1618640175
Mazabuka,-15.856,27.748,66.13,56,28,14.0,ZM,1618640175
Butaritari,3.0707,172.7902,81.86,76,59,10.13,KI,1618640175
Gizo Government Station,-8.103,156.8419,84.7,67,69,4.32,SB,1618640176
Mnogovershinnyy,53.9353,139.9242,31.68,97,80,2.77,RU,1618640176
Boyolangu,-8.1181,111.8935,86.18,59,99,7.61,ID,1618640177
Bowen,-20.0167,148.2333,80.6,69,90,11.5,AU,1618640177
Olafsvik,64.8945,-23.7142,37.81,78,85,27.2,IS,1618640177
Broome,42.2506,-75.833,39.99,100,90,6.91,US,1618640178
Palmer,42.1584,-72.3287,39.2,75,90,10.36,US,1618640178
Khorinsk,52.1657,109.7726,57.87,24,62,10.6,RU,1618640179
Roald,62.5833,6.1333,39.99,60,0,10.36,NO,1618640179
Belmonte,-15.8631,-38.8828,69.8,88,0,4.61,BR,1618640179
Topeka,39.0483,-95.678,43.0,87,90,8.05,US,1618639677
Caravelas,-17.7125,-39.2481,71.22,89,19,3.53,BR,1618640180
Tautira,-17.7333,-149.15,80.6,74,20,5.75,PF,1618640180
Muisne,0.6,-80.0333,75.24,85,100,1.52,EC,1618640180
Lakatoro,-16.0999,167.4164,82.69,77,29,7.43,VU,1618640181
Kavieng,-2.5744,150.7967,81.82,74,83,6.49,PG,1618640182
Nantucket,41.2835,-70.0995,39.2,93,90,20.71,US,1618640182
Pag,44.445,15.0575,46.4,42,40,9.22,HR,1618640182
Aklavik,68.2191,-135.0107,26.6,74,94,1.14,CA,1618640183
Hithadhoo,-0.6,73.0833,81.91,61,38,1.97,MV,1618640183
Half Moon Bay,37.4636,-122.4286,51.01,87,90,6.91,US,1618640026
Sandpoint,48.2766,-116.5533,43.0,70,1,2.37,US,1618639936
Yuncheng,35.0231,110.9928,65.28,15,85,2.89,CN,1618639984
Kiryat Gat,31.61,34.7642,72.0,44,2,1.01,IL,1618639923
Mogadishu,2.0371,45.3438,86.0,62,40,10.22,SO,1618640184
Ponta do Sol,32.6667,-17.1,57.0,71,14,3.0,PT,1618639894
Chui,-33.6971,-53.4616,63.54,94,0,3.58,UY,1618639926
Portland,45.5234,-122.6762,60.01,40,1,2.04,US,1618639719
São João da Barra,-21.6403,-41.0511,69.75,87,28,3.74,BR,1618640185
Teluknaga,-6.0989,106.6381,91.0,62,40,10.36,ID,1618640185
Poum,-20.2333,164.0167,78.66,73,34,7.14,NC,1618640186
Sendhwa,21.6833,75.1,96.57,19,0,10.76,IN,1618640186
Vizal Santo Niño,15.0381,120.8803,95.0,49,75,9.22,PH,1618640186
Strezhevoy,60.7333,77.5889,32.0,51,0,15.66,RU,1618640187
Charters Towers,-20.1,146.2667,86.45,25,10,9.62,AU,1618640187
Liberia,6.5,-9.5,73.51,97,100,2.73,LR,1618640187
Fort Nelson,58.8053,-122.7002,51.8,37,20,5.75,CA,1618640188
Pisco,-13.7,-76.2167,66.2,82,11,2.3,PE,1618640088
Narsaq,60.9167,-46.05,15.8,41,2,3.44,GL,1618640188
‘Āhuimanu,21.4447,-157.8378,73.4,68,1,4.61,US,1618640189
Pervomayskoye,43.919,46.7102,65.91,43,61,17.47,RU,1618640189
Laguna,38.421,-121.4238,59.0,67,20,5.75,US,1618640189
Nouadhibou,20.931,-17.0347,64.4,82,0,19.57,MR,1618640030
Mossamedes,-15.1961,12.1522,81.39,63,20,5.7,AO,1618639932
Hofn,64.2539,-15.2082,43.23,76,62,15.77,IS,1618639896
Port Lincoln,-34.7333,135.8667,65.32,54,5,10.31,AU,1618640190
Faanui,-16.4833,-151.75,82.71,71,29,7.96,PF,1618640191
Metro,-5.1131,105.3067,88.54,58,83,4.7,ID,1618640191
Methóni,36.8197,21.7049,64.99,55,0,6.91,GR,1618640192
Bulawayo,-20.15,28.5833,54.66,88,97,16.4,ZW,1618640192
Penzance,50.1186,-5.5371,33.8,86,96,8.05,GB,1618640192
Baculin,7.4525,126.5842,84.02,71,100,3.33,PH,1618640193
Cabedelo,-6.9811,-34.8339,73.4,100,20,3.44,BR,1618640193
Sorong,-0.8833,131.25,86.68,64,88,15.01,ID,1618640193
Rio Grande,-32.035,-52.0986,67.73,89,89,4.23,BR,1618640194
Alugan,12.2188,125.4808,82.63,79,96,18.54,PH,1618640194
Hervey Bay,-25.2986,152.8535,80.01,60,31,3.0,AU,1618640195
La Ronge,55.1001,-105.2842,32.0,69,73,3.22,CA,1618640195
Maridi,4.9158,29.4742,82.94,48,77,6.33,SS,1618640195
Bilma,18.6853,12.9164,82.83,8,1,6.69,NE,1618640196
Cidreira,-30.1811,-50.2056,68.09,84,100,6.46,BR,1618640196
Nikolskoye,59.7035,30.7861,46.4,36,0,11.18,RU,1618640197
Thompson,55.7435,-97.8558,28.4,74,20,2.3,CA,1618640109
Talnakh,69.4865,88.3972,-6.39,87,100,3.65,RU,1618640198
Manzhouli,49.6,117.4333,55.74,19,3,13.62,CN,1618640198
Vaitape,-16.5167,-151.75,82.69,71,30,7.94,PF,1618640199
Karratha,-20.7377,116.8463,92.39,30,1,15.57,AU,1618639952
Alofi,-19.0595,-169.9187,78.8,78,10,4.61,NU,1618639909
Mount Gambier,-37.8333,140.7667,62.6,63,75,14.97,AU,1618640199
Kumul,42.8,93.45,70.95,6,2,2.68,CN,1618640200
Waitara,-38.925,174.25,50.0,73,52,5.99,NZ,1618640200
Borger,52.9233,6.7931,41.0,92,21,8.01,NL,1618640200
Kavaratti,10.5669,72.642,84.56,69,12,6.2,IN,1618640201
Collie,-33.3667,116.15,75.0,40,12,1.99,AU,1618640201
Mizdah,31.4451,12.9801,63.27,62,93,10.67,LY,1618640202
New Norfolk,-42.7826,147.0587,63.0,75,98,1.99,AU,1618640202
Ocós,14.5094,-92.1933,66.0,98,34,9.26,GT,1618640202
Makakilo City,21.3469,-158.0858,73.4,68,53,4.61,US,1618640203
Enköping,59.6361,17.0777,37.4,75,80,11.5,SE,1618640203
Rawson,-43.3002,-65.1023,60.62,47,23,6.67,AR,1618640132
Omboué,-1.5746,9.2618,77.47,89,100,1.54,GA,1618640204
Hokitika,-42.7167,170.9667,53.92,74,68,7.99,NZ,1618640204
Bam,29.106,58.357,80.58,20,0,6.8,IR,1618640204
Rivne,50.6231,26.2274,39.2,100,90,13.42,UA,1618640205
Ambulu,-8.345,113.6058,86.05,64,31,8.7,ID,1618640205
Bathsheba,13.2167,-59.5167,78.8,65,20,17.27,BB,1618640000
Padang,-0.9492,100.3543,82.4,74,40,4.61,ID,1618640206
Yellowknife,62.456,-114.3525,32.0,80,20,6.91,CA,1618639982
Vao,-22.6667,167.4833,74.1,74,51,15.75,NC,1618640206
Otradnoye,59.7775,30.8181,46.4,36,0,11.18,RU,1618640207
Norman Wells,65.282,-126.8329,30.2,86,20,2.3,CA,1618640207
Slantsy,59.1182,28.0914,46.85,60,52,10.0,RU,1618640207
Tabuk,17.4189,121.4443,92.03,42,97,8.37,PH,1618640208
Vanderhoof,54.0166,-124.0198,43.36,95,16,1.23,CA,1618640109
Rocha,-34.4833,-54.3333,59.13,93,0,1.59,UY,1618640208
Bethel,41.3712,-73.414,39.99,85,76,9.55,US,1618640209
Touros,-5.1989,-35.4608,75.2,94,40,3.44,BR,1618639916
Pueblo,38.2545,-104.6091,35.6,69,90,3.44,US,1618640029
Mount Isa,-20.7333,139.5,86.0,19,13,18.41,AU,1618640209
Estremoz,38.8443,-7.5859,46.4,76,0,3.44,PT,1618640210
Lubango,-14.9172,13.4925,59.77,80,64,3.36,AO,1618640210
Lake City,30.1897,-82.6393,63.0,100,90,3.44,US,1618640008
Chumikan,54.7183,135.315,34.68,77,15,4.79,RU,1618640211
Chokurdakh,70.6333,147.9167,13.41,85,7,9.22,RU,1618639943
Cabo San Lucas,22.8909,-109.9124,70.0,56,91,12.12,MX,1618640211
Askarovo,53.3372,58.5089,50.0,57,75,4.47,RU,1618640211
Anlu,31.1661,112.5831,70.2,28,100,9.86,CN,1618640212
Shenjiamen,29.9576,122.298,56.19,82,95,21.34,CN,1618640212
Nome,64.5011,-165.4064,30.2,93,90,6.91,US,1618639936
Jining,35.405,116.5814,64.02,17,0,13.44,CN,1618640213
Port Augusta,-32.5,137.7667,69.01,59,40,13.8,AU,1618640213
Hobyo,5.3505,48.5268,86.22,59,18,10.78,SO,1618640213
Fairbanks,64.8378,-147.7164,44.6,49,1,1.99,US,1618639951
Gaoual,11.75,-13.2,79.03,58,84,3.87,GN,1618640214
Taicheng,38.731,113.228,53.02,12,0,15.84,CN,1618640214
Longyearbyen,78.2186,15.6401,14.0,73,20,14.97,SJ,1618640215
Camabatela,-8.1881,15.375,62.98,96,98,2.06,AO,1618640215
Longyan,25.1072,117.0225,75.81,74,83,3.04,CN,1618640215
Nueva Loja,0.0847,-76.8828,70.59,99,99,1.36,EC,1618640216
Barrow,71.2906,-156.7887,21.2,86,75,11.5,US,1618640216
Biltine,14.5333,20.9167,82.63,8,27,14.65,TD,1618640216
Rongcheng,30.634,117.8517,69.46,32,99,10.38,CN,1618640217
Quatre Cocos,-20.2078,57.7625,86.0,70,75,10.36,MU,1618640217
Bitung,1.4451,125.1824,89.6,62,20,8.05,ID,1618640218
Nyurba,63.2842,118.3319,23.7,72,96,16.62,RU,1618640218
Kaitangata,-46.2817,169.8464,52.0,52,59,1.99,NZ,1618640218
Bari,41.1177,16.8512,51.01,62,0,8.05,IT,1618640219
Esperance,-33.8667,121.9,69.8,46,75,3.44,AU,1618640219
Taltal,-25.4,-70.4833,61.92,83,21,2.24,CL,1618640219
Kvarkeno,52.0833,59.725,51.39,80,87,8.97,RU,1618640220
Basoko,1.2391,23.616,74.61,85,100,3.65,CD,1618640220
Kismayo,-0.3582,42.5454,85.86,68,31,11.63,SO,1618640221
Taoudenni,22.6783,-3.9836,74.12,21,85,8.81,ML,1618640221
Markova,48.6758,24.4138,42.8,70,75,2.24,UA,1618640221
Vardø,70.3705,31.1107,40.03,80,100,30.18,NO,1618639931
Tilichiki,60.4667,166.1,23.7,78,100,18.57,RU,1618640222
Tiznit Province,29.5833,-9.5,56.32,83,3,1.12,MA,1618640222
San Patricio,28.017,-97.5169,68.0,83,90,23.02,US,1618639959
Wanning,18.8003,110.3967,84.34,62,97,8.3,CN,1618640223
Saint George,37.1041,-113.5841,55.0,43,1,12.66,US,1618640223
Huambo,-12.7761,15.7392,59.0,85,69,1.68,AO,1618640224
Grand Gaube,-20.0064,57.6608,84.0,77,27,5.99,MU,1618640224
Liverpool,53.4106,-2.9779,39.2,87,42,3.44,GB,1618639933
Luwuk,-0.9516,122.7875,82.78,79,95,5.64,ID,1618640224
Broken Hill,-31.95,141.4333,66.2,27,0,14.97,AU,1618640225
College,64.8569,-147.8028,44.6,60,1,1.79,US,1618640225
Bongandanga,1.5,21.05,75.07,82,99,4.36,CD,1618640226
Davila,18.4726,120.5763,89.6,55,75,13.8,PH,1618640226
Nemuro,43.3236,145.575,48.2,71,75,12.66,JP,1618640107
Sharjah city,25.3573,55.4033,82.4,39,0,2.3,AE,1618640061
Tiksi,71.6872,128.8694,10.06,92,100,12.86,RU,1618640227
Varhaug,58.6147,5.6457,41.0,80,0,5.03,NO,1618640227
Rome,43.2128,-75.4557,39.99,81,90,3.44,US,1618640227
Zhigansk,66.7697,123.3711,19.27,82,100,18.79,RU,1618640228
Faya,18.3851,42.4509,69.8,26,40,6.91,SA,1618640001
San Vicente,-26.6167,-54.1333,57.96,98,94,2.48,AR,1618640229
Igarka,67.4667,86.5833,0.37,77,94,2.17,RU,1618640229
Inírida,3.8653,-67.9239,72.81,97,100,0.94,CO,1618640229
Sakakah,29.9697,40.2064,77.0,31,8,8.05,SA,1618640230
Nishihara,26.1842,127.7558,78.8,61,40,18.41,JP,1618640230
Honiara,-9.4333,159.95,82.22,84,70,3.87,SB,1618640230
Kahului,20.8947,-156.47,73.4,78,75,4.61,US,1618640038
General Bravo,25.8,-99.1667,78.4,80,77,3.51,MX,1618640231
Morondava,-20.2833,44.2833,75.9,58,47,17.85,MG,1618640231
Rwamagana,-1.9487,30.4347,62.6,88,40,4.61,RW,1618640232
Puerto Carreño,6.189,-67.4859,77.38,80,73,5.7,CO,1618640000
Sitka,57.0531,-135.33,42.8,87,40,3.44,US,1618640232
Avera,33.194,-82.5271,55.4,94,40,4.07,US,1618640232
Bambous Virieux,-20.3428,57.7575,86.0,70,75,10.36,MU,1618640233
Guerrero Negro,27.9769,-114.0611,58.59,75,0,18.37,MX,1618640233
Lagoa,39.05,-27.9833,61.97,93,85,13.22,PT,1618640233
Plettenberg Bay,-34.0527,23.3716,62.55,38,1,4.38,ZA,1618640234
Naze,28.3667,129.4833,71.6,78,75,19.57,JP,1618640234
Ponta Delgada,37.7333,-25.6667,62.6,100,75,12.66,PT,1618640035
Anatolikó,40.6631,22.7114,52.0,87,99,1.99,GR,1618640235
Whitehorse,60.7161,-135.0538,44.6,53,75,4.61,CA,1618640235
Balagansk,54.0103,103.0544,48.54,65,48,10.8,RU,1618640235
Newport,51.5877,-2.9984,37.99,77,9,6.13,GB,1618640236
Carballo,43.213,-8.691,44.01,100,0,3.44,ES,1618640236
Alyangula,-13.8483,136.4192,87.8,51,90,11.5,AU,1618640236
Sørland,67.667,12.6934,42.8,81,0,12.66,NO,1618640237
Galle,6.0367,80.217,84.42,68,88,5.5,LK,1618640237
Watsa,3.0372,29.5355,75.58,60,78,4.21,CD,1618640237
Sept-Îles,50.2001,-66.3821,28.99,80,20,5.75,CA,1618640238
Abu Dhabi,24.4667,54.3667,86.0,23,0,11.5,AE,1618640058
Salalah,17.0151,54.0924,86.0,62,0,2.3,OM,1618640238
Ca Mau,9.1769,105.15,97.18,36,32,4.54,VN,1618640239
Marsh Harbour,26.5412,-77.0636,75.04,73,6,14.0,BS,1618639997
Kasempa,-13.4584,25.8338,62.49,65,12,10.92,ZM,1618640239
Taywarah,33.35,64.4167,52.7,23,0,7.99,AF,1618640240
Saint-Pierre,-21.3393,55.4781,82.4,78,75,2.3,RE,1618640240
Belo Oriente,-19.22,-42.4836,61.02,88,39,2.1,BR,1618640240
Birjand,32.8663,59.2211,71.6,14,20,6.91,IR,1618640241
Sal Rei,16.1833,-22.9167,68.0,73,40,17.27,CV,1618640241
Ola,59.5833,151.2833,26.42,80,99,8.03,RU,1618640241
Heraclea,37.5133,34.0467,62.01,45,52,6.33,TR,1618640242
Ambilobe,-13.2,49.05,81.99,77,27,2.95,MG,1618640242
Bay Roberts,47.5999,-53.2648,33.01,91,94,8.01,CA,1618640242
Kyra,49.5776,111.9753,58.08,19,10,11.07,RU,1618640243
Borås,57.721,12.9401,45.0,65,0,14.97,SE,1618640243
Edéa,3.8,10.1333,75.2,100,40,2.3,CM,1618640243
Ukiah,39.1502,-123.2078,55.4,44,1,3.91,US,1618640244
Santa Isabel Rio Negro,-0.4139,-65.0192,73.24,99,100,1.57,BR,1618640244
Lorengau,-2.0226,147.2712,83.1,79,94,8.19,PG,1618640245
Husavik,66.0449,-17.3389,41.0,60,40,10.36,IS,1618640245
Athabasca,54.7169,-113.2854,48.2,60,87,1.14,CA,1618640108
Labuhan,-6.8844,112.2051,84.65,67,50,6.91,ID,1618639964
Pandan,14.0453,124.1694,83.16,75,96,15.03,PH,1618640246
Edd,13.9297,41.6925,91.4,38,7,18.54,ER,1618640246
Khasan,42.4308,130.6434,47.97,61,92,9.89,RU,1618640246
Hamilton,39.1834,-84.5333,46.4,66,40,4.61,US,1618640247
Korla,41.7597,86.1469,70.66,14,92,8.84,CN,1618640247
Howard Springs,-12.497,131.047,93.0,58,20,6.91,AU,1618640248
Lata,40.1629,-8.3327,53.01,56,10,8.01,PT,1618640248
Vila Velha,-20.3297,-40.2925,69.8,94,75,2.3,BR,1618640248
Skjervøy,70.0311,20.9714,39.36,74,77,7.99,NO,1618640249
Hazleton,40.9584,-75.9746,41.0,81,90,6.91,US,1618640232
Santa María del Oro,25.9333,-105.3667,59.16,21,100,5.12,MX,1618640249
Lethem,3.3803,-59.7968,75.63,84,94,7.18,GY,1618640250
Kuruman,-27.4524,23.4325,60.53,19,76,11.12,ZA,1618640250
Kongolo,-5.3833,27.0,72.82,82,56,5.77,CD,1618640250
Airai,-8.9266,125.4092,72.88,55,28,4.88,TL,1618640251
Vila Franca do Campo,37.7167,-25.4333,62.6,100,75,12.66,PT,1618640251
Nara,34.6851,135.8049,57.2,94,75,3.44,JP,1618640251
Dali,25.7,100.1833,63.72,50,100,6.55,CN,1618640252
Saint Anthony,45.0205,-93.218,46.0,60,1,6.85,US,1618640252
Aripuanã,-9.1667,-60.6333,71.83,98,100,1.03,BR,1618640252
Cornwall,45.0181,-74.7281,39.2,81,90,5.75,CA,1618640109
La Reforma,25.0833,-108.05,62.01,90,79,1.28,MX,1618640253
Manthani,18.65,79.6667,100.58,23,0,8.14,IN,1618640253
Sokoni,-6.4333,39.55,80.6,83,71,11.5,TZ,1618640254
Kingsport,36.5484,-82.5618,46.0,81,75,3.47,US,1618640116
Muli,2.9167,73.5667,83.05,70,75,8.03,MV,1618640254
Blagoyevo,63.3667,47.9167,42.93,60,89,11.07,RU,1618640255
Mbaïki,3.8678,17.9892,76.62,65,84,3.98,CF,1618640056
Farafangana,-22.8167,47.8333,73.63,59,89,13.82,MG,1618640255
Terme,41.2092,36.9739,51.8,82,75,2.3,TR,1618640255
La Providencia,28.7167,-111.5833,68.0,45,0,3.0,MX,1618640256
Robertsganj,24.7,83.0667,101.88,11,61,8.12,IN,1618640256
Viedma,-40.8135,-62.9967,58.24,62,77,6.89,AR,1618640257
Riyadh,24.6877,46.7219,77.0,10,90,9.22,SA,1618640253
Dingle,10.9995,122.6711,88.41,57,98,11.63,PH,1618640257
Yining,29.0361,114.5636,74.64,49,100,6.17,CN,1618640257
Izazi,-7.2,35.7333,68.0,73,20,5.75,TZ,1618640258
Pacific Grove,36.6177,-121.9166,52.0,82,90,6.91,US,1618640062
Isangel,-19.55,169.2667,78.8,89,75,4.61,VU,1618640259
Mitsamiouli,-11.3847,43.2844,82.4,69,20,2.3,KM,1618640259
Fuerte Olimpo,-21.0415,-57.8738,73.71,61,9,4.59,PY,1618640259
Ongandjera,-17.8833,15.0667,71.11,36,84,9.17,NA,1618640260
Ituango,7.1712,-75.764,61.39,96,89,2.26,CO,1618640260
La Rioja,42.25,-2.5,35.6,80,20,5.75,ES,1618640260
Voh,-20.9667,164.7,77.68,81,27,7.14,NC,1618640261
Salym,60.0625,71.4789,37.2,45,100,11.41,RU,1618640261
Cayenne,4.9333,-52.3333,81.0,78,99,3.44,GF,1618640262
Sola,-13.8833,167.55,84.2,79,40,2.3,VU,1618640262
Lokosovo,61.1333,74.8167,32.45,62,88,11.1,RU,1618640262
Asău,46.4333,26.4,46.99,65,0,1.14,RO,1618640263
Pendleton,45.6721,-118.7886,50.0,43,1,9.22,US,1618640263
Spasskoye,44.6108,132.7969,55.65,26,28,6.89,RU,1618640263
Grand-Lahou,5.1367,-5.0242,78.82,86,53,6.82,CI,1618640264
Port Blair,11.6667,92.75,86.02,65,40,10.49,IN,1618640264
Buchanan,5.8808,-10.0467,73.4,94,75,6.4,LR,1618640265
Yangi Marg`ilon,40.4272,71.7189,71.6,30,10,6.91,UZ,1618640265
Sicamous,50.8331,-118.9856,46.4,57,0,2.3,CA,1618640265
Sisimiut,66.9395,-53.6735,5.4,85,100,8.5,GL,1618640266
Vanimo,-2.6741,141.3028,76.78,90,100,5.03,PG,1618640266
Tanout,14.9709,8.8879,77.5,8,6,9.28,NE,1618640266
Cap Malheureux,-19.9842,57.6142,84.0,77,27,5.99,MU,1618640267
Susanville,40.4163,-120.653,41.0,45,1,3.44,US,1618640267
San Francisco,37.7749,-122.4194,51.8,76,75,12.66,US,1618640212
Iwanai,42.9744,140.5089,50.54,92,100,6.82,JP,1618640267
Farah,32.5,62.5,73.69,12,0,4.9,AF,1618640268
Marevo,57.3146,32.0804,47.48,75,95,9.57,RU,1618640268
Kathu,7.9178,98.3332,88.0,62,20,9.22,TH,1618640269
Hirara,24.8,125.2833,78.8,73,40,17.27,JP,1618640269
Ceres,37.5949,-120.9577,62.6,36,1,8.05,US,1618640017
Melville,40.7934,-73.4151,45.0,76,90,5.75,US,1618640025
Carauari,-4.8828,-66.8958,71.65,99,91,2.08,BR,1618640270
San Policarpo,12.1791,125.5072,82.67,79,95,19.17,PH,1618640270
Carutapera,-1.195,-46.02,75.18,93,100,3.89,BR,1618640270
Namatanai,-3.6667,152.4333,77.25,88,98,8.52,PG,1618640271
Ithaca,42.4406,-76.4966,41.0,100,90,6.91,US,1618640271
Okhotsk,59.3833,143.3,29.52,85,70,12.24,RU,1618640271
Udachny,66.4167,112.4,21.51,92,99,29.08,RU,1618640210
Leningradskiy,69.3833,178.4167,29.25,81,84,3.98,RU,1618640272
Kirkwood,38.5834,-90.4068,50.0,92,100,6.89,US,1618640272
Constitución,-35.3333,-72.4167,54.64,85,62,2.17,CL,1618640273
Chapada dos Guimarães,-15.4606,-55.7497,77.0,83,0,5.75,BR,1618640273
Goderich,43.7501,-81.7165,39.2,93,96,9.22,CA,1618640273
Kapit,2.0167,112.9333,91.29,52,84,2.55,MY,1618640274
Santo Estêvão,-12.4303,-39.2514,70.63,84,71,3.22,BR,1618640274
Peniche,39.3558,-9.3811,55.99,92,46,3.96,PT,1618640275
Daru,-9.0763,143.2092,81.63,83,99,6.55,PG,1618640275
Finnsnes,69.2296,17.9811,37.4,70,0,3.44,NO,1618640275
Egvekinot,66.3167,-179.1667,28.35,98,100,11.79,RU,1618640276
Kodinsk,58.6881,99.1844,22.71,60,73,11.9,RU,1618640276
Nhulunbuy,-12.2333,136.7667,87.8,55,40,17.27,AU,1618640276
Birao,10.2849,22.7882,82.22,8,89,10.74,CF,1618640277
Port Said,31.2565,32.2841,67.14,73,3,11.07,EG,1618640277
Orlik,52.5178,99.825,45.19,49,100,8.66,RU,1618640277
Ustrzyki Dolne,49.4304,22.5938,30.99,100,100,3.2,PL,1618640240
Quime,-16.9833,-67.2167,46.44,89,38,0.76,BO,1618640278
Bandarbeyla,9.4942,50.8122,83.46,63,19,8.34,SO,1618640278
Bay City,43.5945,-83.8889,44.6,81,90,4.61,US,1618640279
Coolum Beach,-26.5333,153.1,73.99,82,34,3.96,AU,1618640279
Chulym,55.0997,80.9572,32.99,63,98,8.08,RU,1618640279
Juneau,58.3019,-134.4197,46.99,81,75,5.17,US,1618640115
Rüsselsheim am Main,49.9925,8.435,43.0,56,0,9.22,DE,1618640280
Sobolevo,54.4299,31.8996,49.44,73,26,6.24,RU,1618640044
Novy Urengoy,66.0833,76.6333,9.99,86,100,16.98,RU,1618640280
Jumla,29.2747,82.1838,59.23,46,99,6.6,NP,1618640281
Kidal,18.4411,1.4078,81.45,8,66,0.94,ML,1618640281
Huilong,31.8111,121.655,66.0,48,92,1.99,CN,1618640282
Camacha,33.0833,-16.3333,60.8,67,75,9.22,PT,1618640282
St. George's,12.0564,-61.7485,80.6,78,20,17.27,GD,1618640282
Altay,47.8667,88.1167,57.99,31,84,4.72,CN,1618640283
Truckee,39.328,-120.1833,42.01,64,1,4.61,US,1618640283
Ketchikan,55.3422,-131.6461,42.8,81,1,3.87,US,1618640283
Darnah,32.767,22.6367,82.9,21,98,26.55,LY,1618640284
Grenville,12.1167,-61.6167,80.6,78,20,17.27,GD,1618640284
Comarapa,-17.9,-64.4833,57.87,91,98,1.45,BO,1618640284
Hudson Bay,52.85,-102.3842,31.53,90,19,3.85,CA,1618640285
Øksfjord,70.2396,22.3479,44.6,57,40,12.66,NO,1618640285
Amazar,53.858,120.875,57.34,24,59,12.35,RU,1618640286
Ōtsu,35.0044,135.8683,57.0,95,100,3.53,JP,1618640286
Örebro,59.2741,15.2066,41.0,65,80,11.5,SE,1618640175
Sabang,5.8933,95.3214,83.71,66,100,7.58,ID,1618640227
Ascope,-7.7144,-79.1078,71.42,75,100,3.96,PE,1618640287
Ferreira do Alentejo,38.05,-8.0333,50.0,93,40,1.14,PT,1618640287
Onega,63.9061,38.1404,38.19,79,21,6.31,RU,1618640287
Richards Bay,-28.783,32.0377,64.94,74,96,4.16,ZA,1618640069
Verkhnevilyuysk,63.4453,120.3167,25.3,74,88,14.94,RU,1618640288
Kailua,21.4022,-157.7394,73.4,68,1,4.61,US,1618640288
Mehamn,71.0357,27.8492,39.0,95,100,30.71,NO,1618640288
Isawa,35.65,138.6333,57.0,92,100,3.33,JP,1618640289
Yerbogachën,61.2767,108.0108,14.83,61,100,16.73,RU,1618640289
Verāval,20.9,70.3667,88.97,52,0,10.85,IN,1618640290
Urubichá,-15.3833,-62.95,70.47,98,17,0.96,BO,1618640290
Zabul Province,32.25,67.25,66.27,20,0,17.96,AF,1618640290
Baykit,61.67,96.37,14.38,62,96,13.42,RU,1618640291
Narasannapeta,18.4167,84.05,94.06,41,2,9.48,IN,1618640291
Nekrasovskoye,57.6766,40.3657,51.8,24,0,15.66,RU,1618640292
Oskarshamn,57.2645,16.4484,43.0,76,98,7.0,SE,1618640292
Eureka,40.8021,-124.1637,48.0,91,3,1.99,US,1618640292
Chardara,41.2547,67.9692,70.56,31,90,1.25,KZ,1618640293
Algiers,36.7525,3.042,50.0,93,75,12.66,DZ,1618640042
Comodoro Rivadavia,-45.8667,-67.5,53.6,58,0,9.22,AR,1618640293
São Filipe,14.8961,-24.4956,70.79,75,1,13.56,CV,1618640294
Ada,43.4166,-116.1262,50.0,42,1,5.75,US,1618640028
Anáhuac,27.2333,-100.15,70.81,82,81,23.0,MX,1618640294
Kyren,51.6828,102.1408,59.2,32,3,7.49,RU,1618640295
Knysna,-34.0363,23.0471,55.4,76,0,3.44,ZA,1618640295
High Level,58.5169,-117.136,35.6,75,40,4.61,CA,1618640296
Aitape,-3.1374,142.3475,75.58,91,100,4.56,PG,1618640296
Cockburn Town,21.4612,-71.1419,76.24,74,7,12.44,TC,1618640296
Beloha,-25.1667,45.05,66.63,52,80,11.52,MG,1618640297
Montepuez,-13.1256,38.9997,71.51,75,60,12.26,MZ,1618640297
Port-Gentil,-0.7193,8.7815,77.0,100,75,2.3,GA,1618640298
Bilibino,68.0546,166.4372,23.34,80,100,3.44,RU,1618640298
Río Cuarto,-33.1307,-64.3499,64.99,90,38,7.0,AR,1618640298
Palmares do Sul,-30.2578,-50.5097,67.73,88,100,4.45,BR,1618640299
Valdemārpils,57.3707,22.5919,44.6,61,0,10.36,LV,1618640299
Tomatlán,19.9333,-105.25,65.1,74,0,1.72,MX,1618640299
Parintins,-2.6283,-56.7358,73.22,98,100,2.82,BR,1618640300
Jiangyou,31.7667,104.7167,61.18,85,100,4.56,CN,1618640300
Palauig,15.435,119.9045,85.14,70,91,9.06,PH,1618640300
Piaçabuçu,-10.4056,-36.4344,74.07,86,46,1.05,BR,1618640301
Maunabo,18.0072,-65.8993,79.0,91,72,1.99,PR,1618640301
Tuatapere,-46.1333,167.6833,53.01,67,97,5.99,NZ,1618640302
Kalat,29.0225,66.5916,65.32,21,0,19.06,PK,1618640302
Flinders,-34.5833,150.8552,66.2,59,40,4.61,AU,1618640302
Necochea,-38.5473,-58.7368,59.79,90,1,5.14,AR,1618640303
Beian,63.6559,9.5683,39.2,75,0,10.36,NO,1618640303
Yangjiang,21.85,111.9667,81.0,63,95,10.04,CN,1618640303
Timrå,62.487,17.3257,37.99,70,68,4.61,SE,1618640304
Capaci,38.1711,13.2393,57.2,72,75,1.14,IT,1618640304
Ampanihy,-24.7,44.75,67.75,45,56,12.71,MG,1618640232
Talara,-4.5772,-81.2719,71.2,79,100,11.7,PE,1618640305
Japura,-0.3167,102.35,76.77,90,100,2.62,ID,1618640305
Spring Hill,28.4769,-82.5255,72.0,94,20,3.44,US,1618640305
Tezu,27.9167,96.1667,94.86,22,64,4.92,IN,1618640306
Sucúa,-2.4667,-78.1667,68.04,91,100,2.39,EC,1618640306
Beringovskiy,63.05,179.3167,31.77,86,88,15.93,RU,1618640306
Westport,41.1415,-73.3579,43.0,7,88,11.74,US,1618640244
Winnemucca,40.973,-117.7357,42.8,36,1,10.36,US,1618640307
Henties Bay,-22.116,14.2845,75.0,63,86,1.99,NA,1618640307
Lebedinyy,58.5167,125.5167,35.44,92,100,16.08,RU,1618640308
Abu Samrah,35.3029,37.1841,70.11,32,5,5.17,SY,1618640308
Fuengirola,36.54,-4.6247,54.0,94,75,6.91,ES,1618640309
Waddān,29.1614,16.139,86.07,10,88,6.08,LY,1618640309
Bulungu,-4.55,18.6,72.95,92,100,1.81,CD,1618640309
Bonavista,48.6499,-53.1147,33.01,93,29,4.61,CA,1618640310
Porto Velho,-8.7619,-63.9039,75.2,94,75,1.14,BR,1618640310
Nova Londrina,-22.7658,-52.985,64.49,85,35,2.33,BR,1618640310
Buraidah,26.326,43.975,75.2,53,40,3.44,SA,1618640311
Ozernovskiy,51.5,156.5167,35.65,58,58,6.46,RU,1618640311
Kampot,10.6167,104.1833,91.4,58,20,9.22,KH,1618640311
Waingapu,-9.6567,120.2641,85.6,68,70,13.2,ID,1618640312
Stornoway,58.2093,-6.3865,46.4,87,75,6.91,GB,1618640312
Lafia,8.4833,8.5167,78.84,79,100,4.99,NG,1618640312
Tessalit,20.1986,1.0114,81.32,14,100,7.49,ML,1618640313
Barcelona,41.3888,2.159,48.99,81,20,9.22,ES,1618640313
Gravdal,68.1214,13.5031,42.8,81,0,12.66,NO,1618640313
Palmerston North,-40.35,175.6167,53.01,84,29,1.01,NZ,1618640144
Saposoa,-6.934,-76.7716,69.66,99,99,2.15,PE,1618640314
Marystown,47.1666,-55.1483,33.4,83,12,18.72,CA,1618640314
Talcahuano,-36.7167,-73.1167,51.8,93,0,5.75,CL,1618640054
Ilhabela,-23.7781,-45.3581,72.12,85,46,5.37,BR,1618640315
Rocky Mountain House,52.3668,-114.9188,37.4,56,14,2.3,CA,1618640315
Naliya,23.2667,68.8333,90.7,43,18,11.21,IN,1618640315
Ucluelet,48.9329,-125.5528,51.01,77,5,3.2,CA,1618640265
Lockhart,28.6194,-81.4426,70.0,94,40,2.66,US,1618640316
Belyy Yar,53.6039,91.3903,33.8,69,40,17.9,RU,1618640316
Coleraine,55.1333,-6.6667,44.6,81,20,9.22,GB,1618640317
Maroantsetra,-15.4333,49.7333,82.89,69,40,3.22,MG,1618640317
Charlestown,-32.95,151.6667,59.0,96,100,3.22,AU,1618640317
Kempsey,-31.0833,152.8333,57.99,96,100,1.99,AU,1618640318
Kaeo,-35.1,173.7833,60.01,72,11,3.0,NZ,1618640318
Itoman,26.1247,127.6694,78.8,64,40,23.02,JP,1618640318
Meridian,43.6121,-116.3915,46.99,56,1,4.61,US,1618640296
Tambopata,-12.7333,-69.1833,74.25,87,76,1.72,PE,1618640319
Ouésso,1.6136,16.0517,73.81,85,99,3.0,CG,1618640319
Dārāb,28.7519,54.5444,78.22,8,35,3.58,IR,1618640320
Poya,-21.35,165.15,77.18,81,52,10.96,NC,1618640320
Mwene-Ditu,-7.0,23.45,67.87,91,67,5.17,CD,1618640320
Carbondale,37.7273,-89.2168,51.8,71,90,9.22,US,1618640133
Gol,60.7014,8.9457,27.0,78,55,2.3,NO,1618640321
Oxapampa,-10.5775,-75.4017,57.61,92,94,3.67,PE,1618640321
Thinadhoo,0.5333,72.9333,81.97,65,82,4.74,MV,1618640322
San Cristobal,7.7669,-72.225,65.89,93,61,2.98,VE,1618640226
Dawson,31.7735,-84.4466,59.0,88,75,1.05,US,1618640322
Saint-Joseph,-21.3667,55.6167,82.4,78,75,2.3,RE,1618640323
Praia,14.9215,-23.5087,68.0,77,20,19.57,CV,1618640323
Laas,46.6166,10.7002,37.99,80,0,8.05,IT,1618640323
Nuuk,64.1835,-51.7216,12.2,79,90,3.44,GL,1618640324
Nyūzen,36.9333,137.5,55.99,100,75,5.75,JP,1618640324
Myitkyina,25.3833,97.4,96.91,23,91,1.45,MM,1618640294
Agropoli,40.3469,14.9966,53.01,63,100,8.01,IT,1618640325
Cairns,-16.9167,145.7667,88.0,58,90,12.66,AU,1618640325
Esim,4.8699,-2.2405,78.84,82,86,4.21,GH,1618640325
Novikovo,51.1537,37.8879,48.15,75,100,2.75,RU,1618640326
